adc_id,adc_name,status,indication,antibody,payload,linker,antibody_id,payload_id,linker_id,brand_name,synonyms,organization,status_detail,dar,antigen,payload_target,conjugate_type,linker_payload_combo,special_approvals,bystander,binding_affinity,circulating_stability,toxicity,nct_ids,n_clinical_trials,targets_antigen
DRG0CQUKB,CAN016,Phase 1/2,Unspecific solid tumor,Trastuzumab,Exatecan; MMAE,Undisclosed,ANI0FIZAK,PAY0DJEVU,,,,Canwell Biotech (Originator),Phase 1/2,4(2+2),Receptor tyrosine-protein kinase erbB-2 (HER2),DNA topoisomerase 1 (TOP1)+Microtubule (MT),Undisclosed,,,,,,,NCT07664150,1,True
DRG0JFGYQ,caxmotabart entudotin,Phase 3,Breast cancer,Trastuzumab,Monomethyl auristatin F,β-glucuronide linker,ANI0FIZAK,PAY0QLDVX,LIN0SXVHL,,LCB14-0110; FS-1502; IKS014; LCB-ADC,LCB (Originator);Fosun Pharma;Iksuda Therapeutics,Phase 3,2,Receptor tyrosine-protein kinase erbB-2 (HER2),Microtubule (MT),Enzymatic Catalysis,,,,,,,NCT03944499;NCT05755048;NCT05872295,3,True
DRG0PESEJ,Trastuzumab vedotin,Phase 3,Urothelial cancer,MAB802,Monomethyl auristatin E,Mc-Val-Cit-PABC,ANI0NMRGS,PAY0FSXOW,LIN0SQEDQ,,trastuzumab vedotin; MRG002,Miracogen (Originator),Phase 3,3.8,Receptor tyrosine-protein kinase erbB-2 (HER2),Microtubule (MT),Random Cysteines,vedotin,,,Dissocation Constant (Kd) | Binding Target | 7.50E-11 M | HER2-hFc | SPR results showed that MRG002 binds to HER2-hFc with sub-nanomolar affinity similar to that of MAB802 and Herceptin,,,NCT04492488;NCT04742153;NCT04837508;NCT04839510;NCT04924699;NCT04941339;NCT05141747;NCT05141786;NCT05263869;NCT05338957;NCT05754853;NCT06869174,12,True
DRG0CECRA,Trastuzumab rezetecan,Approved in 2025,Lung cancer,Trastuzumab,SHR9265,Mc-Gly-Gly-Phe-Gly,ANI0FIZAK,PAY0CJNCU,LIN0ECMCR,,trastuzumab rezetecan; SHR-A1811,Jiangsu Hengrui Pharmaceuticals (Originator);Glenmark Specialty,Approved in 2025,5.3 to 6.4 (~6),Receptor tyrosine-protein kinase erbB-2 (HER2),DNA topoisomerase 1 (TOP1),Random Cysteines,rezetecan,Breakthrough therapy (NMPA); Special approval (NMPA),"yes | In the bystander killing system, SHR-A1811 was able to kill both SK-BR-3 (HER2+) and MDA-MB-468 (HER2-) cells when co-cultured, with the IC50 on MDA-MB-468 of 0.28 nM.",,,,NCT04446260;NCT04513223;NCT04818333;NCT05349409;NCT05353361;NCT05424835;NCT05482568;NCT05582499;NCT05594095;NCT05635487;NCT05671822;NCT05749588;NCT05769010;NCT05792410;NCT05814354;NCT05824325;NCT05845138;NCT05896020;NCT05911958;NCT05924256;NCT06015048;NCT06057610;NCT06123494;NCT06126640;NCT06199973;NCT06222879;NCT06340230;NCT06361979;NCT06411457;NCT06413745;NCT06430437;NCT06433609;NCT06547736;NCT06592625;NCT06649331;NCT06666166;NCT06710990;NCT06718933;NCT06778031;NCT06788197;NCT06828354;NCT06840002;NCT06859775;NCT06990503;NCT07051486;NCT07129187;NCT07177950;NCT07196774;NCT07203729;NCT07241793;NCT07275242;NCT07305246;NCT07309770;NCT07416253,54,True
DRG0CYMEB,Trastuzumab emtansine,Approved in 2013,Breast cancer,Trastuzumab,DM1,Succinimidyl-4-(N-maleimidomethyl)cyclohexane-1-carboxylate (SMCC),ANI0FIZAK,PAY0VZVPQ,LIN0EBJON,Kadcyla,trastuzumab emtansine; ado-trastuzumab emtansine; Kadcyla; RG3502; RO5304020; T-DM1; trastuzumab-DM1; trastuzumab-MCC-DM1; trastuzumab-emtansine; RG3502-10,ImmunoGen (Top20 MNC) (Originator);Genentech (Top20 MNC),Approved in 2013,3.5,Receptor tyrosine-protein kinase erbB-2 (HER2),Microtubule (MT),Random Lysines,emtansine,Breakthrough therapy (FDA); Fast track (FDA); Priority review (NMPA),no | Undisclosed,,,"Related to This Level | The FDA label includes a black box warning of serious side effects such as hepatotoxicity, embryo-fetal toxicity, and cardiac toxicity.",NCT00509769;NCT00679211;NCT00679341;NCT00781612;NCT00829166;NCT00932373;NCT01196052;NCT01419197;NCT01513083;NCT01641939;NCT01702558;NCT01702571;NCT01745965;NCT01772472;NCT01853748;NCT01966471;NCT02144012;NCT02289833;NCT02314481;NCT02414646;NCT02465060;NCT02568839;NCT02675829;NCT02725541;NCT02924883;NCT02999672;NCT03032107;NCT03084939;NCT03153163;NCT03203616;NCT03418558;NCT03587740;NCT04341181;NCT04351230;NCT04439110;NCT04589845;NCT05408845;NCT06125834;NCT06348134,39,True
DRG0ERKBH,Trastuzumab deruxtecan,Approved in 2019,Breast cancer,Trastuzumab,DXd,Mc-Gly-Gly-Phe-Gly,ANI0FIZAK,PAY0WSZPJ,LIN0ECMCR,Enhertu,trastuzumab deruxtecan; DS-8201; fam-trastuzumab deruxtecan-nxki; Enhertu; trastuzumab deruxtecan-nxki; DS-8201a; T-DXd,Daiichi Sankyo (Originator);AstraZeneca (Top20 MNC),Approved in 2019,8,Receptor tyrosine-protein kinase erbB-2 (HER2),DNA topoisomerase 1 (TOP1),Random Cysteines,deruxtecan,Priority review (FDA); Accelerated approval (FDA); Fast track (FDA); Orphan drug (FDA); Breakthrough therapy (FDA); Priority review (NMPA); Breakthrough therapy (NMPA),"yes | Preclinical in-vitro and in-vivo studies suggest that trastuzumab deruxtecan has a potent cytotoxic bystander effect, by contrast with trastuzumab emtansine, DS-8201a kills both HER2-positive and HER2-negative cells under coculture conditions","Dissocation Constant (Kd) | Binding Target | 7.3 ng/mL | HER2 | The Kd values of the antibody and DS-8201a for the HER2 ECD protein were 7.8 ng/ml and 7.3 ng/ ml, respectively.","Incubation Time | 21days | Release | 4% | Incubation Medium | cynomolgus monkey plasma | the linker of DS-8201a was stable, which was consistent with the fact that only 4% of DXd was released even after 21 days of in vitro incubation of DS-8201a in cynomolgus monkey plasma.","Related to This Level | LD50 and overdose information are not currently available, but effects of an overdose are likely to impact the lungs, heart, and circulatory system, leading to significant toxicity.",NCT02564900;NCT03248492;NCT03329690;NCT03368196;NCT03384940;NCT03505710;NCT03523585;NCT03529110;NCT03734029;NCT04014075;NCT04132960;NCT04294628;NCT04379596;NCT04420598;NCT04482309;NCT04494425;NCT04538742;NCT04553770;NCT04616560;NCT04622319;NCT04639219;NCT04644237;NCT04704934;NCT04739761;NCT04744831;NCT04752059;NCT04784714;NCT04784715;NCT04989816;NCT05048797;NCT05113251;NCT05246514;NCT05408845;NCT05704829;NCT05710666;NCT05744375;NCT05845450;NCT05900206;NCT05950945;NCT05953168;NCT05965479;NCT05982678;NCT06048718;NCT06058988;NCT06145308;NCT06174987;NCT06250777;NCT06271837;NCT06467357;NCT06486883;NCT06533826;NCT06548178;NCT06585969;NCT06610825;NCT06643585;NCT06680596;NCT06750484;NCT07015697;NCT07022483;NCT07126561;NCT07416253;NCT07428044,62,True
DRG0JEVIM,Disitamab vedotin,Approved in 2021,Gastric cancer,Hertuzumab,Monomethyl auristatin E,Mc-Val-Cit-PABC,ANI0XSOTX,PAY0FSXOW,LIN0SQEDQ,Aidixi,disitamab vedotin; hertuzumab-vc-MMAE; RC48-ADC; aidixi; veldicitumab; RC48; vedicitumab,RemeGen (Originator);Seagen (Top20 MNC),Approved in 2021,4,Receptor tyrosine-protein kinase erbB-2 (HER2),Microtubule (MT),Random Cysteines,vedotin,Breakthrough therapy (FDA); Fast track (FDA); Orphan drug (FDA); Conditional marketing authorisation (NMPA); Priority review (NMPA),yes | the proposed mechanism of action (MOA) of DV occurs through direct cytotoxicity of HER2-expressing tumor cells following internalization of DV and intracellular release of MMAE. DV may also induce antitumor activity through bystander-mediated cytotoxicity of neighboring cells and via the inhibition of HER2 signaling pathways.,"Dissocation Constant (Kd) | Binding Target | 0.5 nM | HER2 | Disitamab Vedotin (RC48) is an ADC with a higher affinity for HER2 than the targeted drug trastuzumab (KD, 5.0E-10M vs KD, 1.9E-09M)",,,NCT02881138;NCT02881190;NCT03052634;NCT03500380;NCT03507166;NCT03556345;NCT03809013;NCT04073602;NCT04264936;NCT04311034;NCT04329429;NCT04400695;NCT04714190;NCT04879329;NCT04965519;NCT05135715;NCT05331326;NCT05601401;NCT05726175;NCT05904964;NCT05955209;NCT05996952;NCT06003231;NCT06145308;NCT06155396;NCT06227156;NCT06233864;NCT06378242;NCT06561555;NCT06663007;NCT06966453,31,True
DRG0CRYVT,Trastuzumab envedotin,Phase 3,Breast cancer,Trastuzumab,Monomethyl auristatin E,NH2-PEG3-Val-Cit-PABC,ANI0FIZAK,PAY0FSXOW,LIN0LWOKO,,trastuzumab envedotin; DP303c; SYA1501; SYSA1501,CSPC Pharmaceutical Group (Originator),Phase 3,2,Receptor tyrosine-protein kinase erbB-2 (HER2),Microtubule (MT),Enzymatic Catalysis,envedotin,,,,,,NCT04146610;NCT04826107;NCT04828616;NCT05334810;NCT05810103;NCT05901935;NCT06313086;NCT06577376,8,True
DRG0EJBII,Trastuzumab brengitecan,Phase 3,Gastroesophageal junction adenocarcinoma,Trastuzumab,Ed-04,Gly-Mal-Gly-Gly-Phe-Gly,ANI0FIZAK,PAY0MLHTC,LIN0AQXSY,,trastuzumab brengitecan; BL-M07D1; T-Bren,Systimmune (Originator),Phase 3,8,Receptor tyrosine-protein kinase erbB-2 (HER2),DNA topoisomerase 1 (TOP1),Random Cysteines,brengitecan,,yes | BL-M07D1 exhibits potent bystander effects in a heterogeneous xenograft model of HER2-positive and HER2-negative tumor cells composed of NCI-N87 and MDA-MB-468 cells.,,,,NCT05461768;NCT05631964;NCT06031584;NCT06114511;NCT06131450;NCT06293898;NCT06316531;NCT06423885;NCT06445400;NCT06830889;NCT06891833;NCT06957886;NCT07152405;NCT07178795,14,True
DRG0UHUMZ,Trastuzumab bultecan,Phase 3,Peritoneal cancer,Trastuzumab,NT1,"PODS-CHX-A""-DTPA",ANI0FIZAK,PAY0IIIEN,LIN0LHYHG,,IBI354,Innovent Biologics (Originator),Phase 3,8,Receptor tyrosine-protein kinase erbB-2 (HER2),DNA topoisomerase 1 (TOP1),Random Cysteines,,,,,,,NCT05636215;NCT06834672,2,True
DRG0FMCLF,Anbenitamab repodatecan,Phase 3,Colorectal cancer,Anbenitamab,DXd,DBCO-PEG4-Mc-Gly-Gly-Phe-Gly,ANI0KCYGA,PAY0WSZPJ,LIN0WVXNJ,,anbenitamab repodatecan; JSKN-003; JSKN003; KN026-ADC,Alphamab Oncology (Originator);CSPC Pharmaceutical Group,Phase 3,4,Receptor tyrosine-protein kinase erbB-2 (HER2 ECD2); Receptor tyrosine-protein kinase erbB-2 (HER2 ECD4),DNA topoisomerase 1 (TOP1),Enzymatic Catalysis,repodatecan,,,,,,NCT05494918;NCT05744427;NCT06079983;NCT06226766;NCT06751485;NCT06846437;NCT07384377,7,True
DRG0WGVKF,Recombinant anti-HER2 humanized mAb-DM1,Phase 1,,Undisclosed,Mertansine DM1,Undisclosed,,PAY0JCIBW,,,Recombinant anti-HER2 humanized mAb-DM1; FS-1502; FS1502; FS 1502,"Qilu Pharmaceutical Co., Ltd.",Phase 1,,Receptor tyrosine-protein kinase erbB-2 (HER2),Microtubule (MT),Random conjugation through nucleophilic lysines.,,,,,,,NCT03944499;NCT05238831;NCT05755048;NCT06439693,4,True
DRG0FRFEQ,TAA-013,Phase 3 (discontinued),,Trastuzumab,Mertansine DM1,Succinimidyl-4-(N-maleimidomethyl)cyclohexane-1-carboxylate (SMCC),ANI0FIZAK,PAY0JCIBW,LIN0EBJON,,Anti-HER2 ADC (TOT Biopharm); TAA 013; TAA-013; TAA013; Trastuzumab antibody drug conjugate (TOT Biopharm),Tot Biopharm Co. Ltd.,Phase 3 (discontinued),3.5,Receptor tyrosine-protein kinase erbB-2 (HER2),Microtubule (MT),Random conjugation through nucleophilic lysines.,Emtansine,,,,,,,0,True
DRG0ZUQNL,BAT8001,Phase 3 (discontinued),Breast cancer,BAT0606,Batansine,Maleimido-caproyl,ANI0OVIGY,PAY0LNEJH,LIN0TAFAV,,BAT8001,Bio-Thera Solutions (Originator),Phase 3 (discontinued),3.5,Receptor tyrosine-protein kinase erbB-2 (HER2),Microtubule (MT),Random Cysteines,batansine,,,,,,NCT04151329;NCT04185649;NCT04189211,3,True
DRG0YDBZU,SHR-4602,Phase 2,Unspecific solid tumor,Pertuzumab,ER300,Stable enzyme-cleavable linker,ANI0XJJLY,PAY0SNEGL,LIN0FZDWR,,SHR-4602,Jiangsu Hengrui Pharmaceuticals (Originator),Phase 2,,Receptor tyrosine-protein kinase erbB-2 (HER2),Microtubule (MT),Undisclosed,,,"yes | Furthermore, SHR-4602 showed a strong in vitro bystander effect in the co-culture of HER2 positive/negative cells.",,,,NCT05819684;NCT06516926;NCT06560138;NCT06704828,4,True
DRG0LNVKG,Anvatabart opadotin,Phase 2/3,Gastroesophageal junction adenocarcinoma,Anvatabart,Amberstatin 269 (AS269),Hydroxylamine-PEG4,ANI0BWGDO,PAY0LHRMR,LIN0NUXKO,,anvatabart opadotin; ARX788; NCB001; JNJ-0683,Ambrx (Top20 MNC) (Originator);NovoCodex Biopharmaceuticals,Phase 2/3,1.9,Receptor tyrosine-protein kinase erbB-2 (HER2),Microtubule (MT),Non-natural Amino Acids,opadotin,Fast track (FDA); Orphan drug (FDA),,,,,NCT01042379;NCT02512237;NCT03255070;NCT04829604;NCT04983121;NCT05018676;NCT05018702;NCT05041972;NCT05426486;NCT06224673;NCT06578286;NCT06663748,12,True
DRG0KWKQC,DX126-262,Phase 2,Breast cancer,DX-CHO9,Tub114,Mal-PEG10 based linker,ANI0TCUCS,PAY0DBCXI,LIN0UANLR,,DX126-262; DAC-001; DX-126-262,Hangzhou DAC Biotechnology (DAC Biotech) (Originator),Phase 2,3.5~3.8,Receptor tyrosine-protein kinase erbB-2 (HER2),Microtubule (MT),Random Cysteines,,Special approval (NMPA),,,,,,0,True
DRG0PXYTA,MEDI4276,Phase 1/2 (discontinued),,MEDI-4276,AZ13599185,Maleimido-caproyl based linker,ANI0LXGFW,PAY0AKUNH,LIN0YDWRB,,MEDI4276,AstraZeneca (Top20 MNC) (Originator),Phase 1/2 (discontinued),4,Receptor tyrosine-protein kinase erbB-2 (HER2 ECD2); Receptor tyrosine-protein kinase erbB-2 (HER2 ECD4),Microtubule (MT),Reactive Cysteines,,,,,,,NCT02576548,1,True
DRG0KTTFS,XMT-2056,Phase 1,Gastric cancer,HT-19,STING agonist,Hydrophilic linker of XMT-2056,ANTI0QAKOA,PAY0ONJLH,LIN0TUSQC,,XMT-2056,Mersana Therapeutics (Originator),Phase 1,8,Receptor tyrosine-protein kinase erbB-2 (HER2),Stimulator of interferon genes protein (STING1),Random Cysteines,,,,,,,NCT05514717,1,True
DRG0EPORB,B-003,Phase 2,,Trastuzumab,Mertansine DM1,Succinimidyl-4-(N-maleimidomethyl)cyclohexane-1-carboxylate (SMCC),ANI0FIZAK,PAY0JCIBW,LIN0EBJON,,Anti-HER2 monoclonal antibody-MCC-DM1 conjugate; B 003; B-003; B003,"Shanghai Jiaolian Drug Development Co. Ltd.; Shanghai Pharmaceuticals Holding Co., Ltd.",Phase 2,,Receptor tyrosine-protein kinase erbB-2 (HER2),Microtubule (MT),Random conjugation through nucleophilic lysines.,Emtansine,,,,,,NCT03953833;NCT04606472;NCT05668858;NCT05924841;NCT05949606;NCT05956587;NCT05965856;NCT05990803;NCT06006169;NCT06008054;NCT06042894;NCT06668961,12,True
DRG0MGUUX,FDA022,Phase 2,Colorectal cancer,Trastuzumab,DXd,Mc-Val-Ala-PABC double self-immolative linker,ANI0FIZAK,PAY0WSZPJ,LIN0MURFE,,FDA022; FDA022-BB05; F0034,Fudan-Zhangjiang Bio-Pharmaceutical (Originator),Phase 2,8,Receptor tyrosine-protein kinase erbB-2 (HER2),DNA topoisomerase 1 (TOP1),Random Cysteines,BB05,,,,,,NCT05564858;NCT06413615,2,True
DRG0BFNMH,GQ1001,Phase 1/2,,Trastuzumab variant,DM1,K'-MCC',ANI0BOAGM,PAY0VZVPQ,LIN0SZZUJ,,GQ1001,GeneQuantum Healthcare (Originator),Phase 1/2,2,Receptor tyrosine-protein kinase erbB-2 (HER2),Microtubule (MT),Enzymatic Catalysis,K'-MCC'-DM1,,,,,,NCT04450732;NCT05575804,2,True
DRG0AWQJG,PF-06804103,Phase 1 (discontinued),Gastric cancer,Trastuzumab-(κK183C+K290C),Auristatin 0101 (Aur0101),Mc-Val-Cit-PABC,ANTI0FITJT,PAY0CNXJS,LIN0SQEDQ,,PF-06804103,Pfizer (Top20 MNC) (Originator),Phase 1 (discontinued),4,Receptor tyrosine-protein kinase erbB-2 (HER2),Microtubule (MT),Reactive Cysteines,pelidotin,,,,,,NCT03284723,1,True
DRG0UIDCY,NJH395,Phase 1 (discontinued),Unspecific solid tumor,MIW338,TLR7 agonist,A non-cleavable linker,ANTI0RKEMD,PAY0DBLHH,LIN0QAKBX,,NJH395,Novartis (Top20 MNC) (Originator),Phase 1 (discontinued),~4,Receptor tyrosine-protein kinase erbB-2 (HER2),Toll-like receptor 7 (TLR7),Reactive Cysteines,,,,,,,NCT03696771,1,True
DRG0RYBMQ,SHR-A1201,Phase 1,,Trastuzumab,Mertansine DM1,Succinimidyl-4-(N-maleimidomethyl)cyclohexane-1-carboxylate (SMCC),ANI0FIZAK,PAY0JCIBW,LIN0EBJON,,SHR A1201; SHR-A1201; SHRA1201,"Jiangsu Hengrui Pharmaceuticals Co., Ltd.; Shanghai Hengrui Pharmaceutical Co., Ltd.",Phase 1,3.5,Receptor tyrosine-protein kinase erbB-2 (HER2),Microtubule (MT),Random conjugation through nucleophilic lysines.,Emtansine,,,,,,,0,True
DRG0YPVKH,Pertuzumab zuvotolimod,Phase 1/2 (discontinued),,Pertuzumab,Zuvotolimod,Mc-Val-Cit-PABC,ANI0XJJLY,PAY0VBWWP,LIN0SQEDQ,,SBT6050; pertuzumab zuvotolimod,Silverback Therapeutics (ARS Pharmaceuticals) (Originator),Phase 1/2 (discontinued),4,Receptor tyrosine-protein kinase erbB-2 (HER2),Toll-like receptor 8 (TLR8),Random Cysteines,zuvotolimod,,,,,,NCT04460456;NCT05091528,2,True
DRG0FWYLZ,Zanidatamab zovodotin,Phase 1 (discontinued),Gastroesophageal junction adenocarcinoma,Zanidatamab,ZD02044,Mc-PEG3-Val-Cit,ANI0UHCNZ,PAY0FSIWQ,LIN0KNQWV,,zanidatamab zovodotin; ZW49,Zymeworks (Originator);BeiGene (No Rights),Phase 1 (discontinued),2,Receptor tyrosine-protein kinase erbB-2 (HER2 ECD2); Receptor tyrosine-protein kinase erbB-2 (HER2 ECD4),Microtubule (MT),Random Cysteines,zovodotin,,,,,,NCT03821233,1,True
DRG0GYNBS,XMT-1522,Phase 1 (discontinued),Gastric cancer,XMT-1519,AF-HPA,Fleximer polymer,ANI0YTLOU,PAY0HQOIZ,LIN0GVDHS,,XMT-1522; TAK-522,Mersana Therapeutics (Originator);Takeda Pharmaceuticals (Top20 MNC) (No Rights),Phase 1 (discontinued),12,Receptor tyrosine-protein kinase erbB-2 (HER2),Microtubule (MT),Random Cysteines,,,,,,,NCT02952729,1,True
DRG0HCEEF,RG6148,Phase 1 (discontinued),Breast cancer,MHES0488A,PBD dimer,A cleavable disulfide linker,ANI0TLLFW,PAY0IJSCK,LIN0FTRKS,,RG6148; DHES0815A,Genentech (Top20 MNC) (Originator),Phase 1 (discontinued),2,Receptor tyrosine-protein kinase erbB-2 (HER2),Human deoxyribonucleic acid (hDNA),Reactive Cysteines,,,,,,,NCT03451162,1,True
DRG0VBVDR,ADCT-502,Phase 1 (discontinued),Gastroesophageal junction adenocarcinoma,Trastuzumab variant,SG3199 (SC-DR002),Mal-PEG8-Val-Ala-PABC,ANI0BOAGM,PAY0XBVCC,LIN0YRUBS,,ADCT-502,ADC Therapeutics (Originator),Phase 1 (discontinued),1.7,Receptor tyrosine-protein kinase erbB-2 (HER2),Human deoxyribonucleic acid (hDNA),Reactive Cysteines,tesirine,,,,,,NCT03125200,1,True
DRG0YRJDY,ALT-P7,Phase 1 (discontinued),Breast cancer,Trastuzumab variant,Monomethyl auristatin E,Val-Cit dipeptide linker,ANI0BOAGM,PAY0FSXOW,LIN0YLSDZ,,ALT-P7,Alteogen (Originator);3SBio,Phase 1 (discontinued),2,Receptor tyrosine-protein kinase erbB-2 (HER2),Microtubule (MT),Reactive Cysteines,,,,,,,NCT03281824,1,True
DRG0VHXYA,GQ1005,Phase 3,Breast cancer,Trastuzumab variant,DXd,Mc-Gly-Gly-Phe-Gly (ring-opening derivative),ANI0BOAGM,PAY0WSZPJ,LIN0RPVYC,,GQ1005; HLX87,GeneQuantum Healthcare (Originator);Shanghai Henlius Biotech,Phase 3,4,Receptor tyrosine-protein kinase erbB-2 (HER2),DNA topoisomerase 1 (TOP1),Enzymatic Catalysis,,,,,,,NCT06154343,1,True
DRG0IVDIV,TQB2102,Phase 3,Colorectal cancer,Anti-HER2 antibody,2-DDDX-d,Mc-Gly-Gly-Phe-Gly,ANTI0SFUKH,PAY0DGDJZ,LIN0ECMCR,,TQB2102,Chia Tai Tianqing Pharmaceutical (CTTQ) (Originator),Phase 3,5.8~6,Receptor tyrosine-protein kinase erbB-2 (HER2 ECD2); Receptor tyrosine-protein kinase erbB-2 (HER2 ECD4),DNA topoisomerase 1 (TOP1),Random Cysteines,,,,,,,NCT05735496;NCT06115902;NCT06198751;NCT06431490;NCT06452706;NCT06496490;NCT06561607;NCT06767800;NCT06798207;NCT07003074;NCT07008976;NCT07043725;NCT07136974,13,True
DRG0WOJVL,BB-1701,Phase 2,Lung cancer,Anti-HER2 antibody,Eribulin,Mal-PEG2-Val-Cit-PABC,ANTI0SFUKH,PAY0JAEKD,LIN0BXULN,,BB-1701,Bliss Biopharmaceutical (BlissBio) (Originator);Eisai (No Rights),Phase 2,4,Receptor tyrosine-protein kinase erbB-2 (HER2),Microtubule (MT),Random Cysteines,ecteribulin,,"yes | The bystander effect of BB-1701 was investigated in both in vitro and in vivo settings. In an in vitro cytotoxicity assay, NCI-N87 (HER2 high) cells and U87MG (HER2 null) cells were treated with BB-1701 and controls. BB-1701 was highly effective at suppressing N87 cell growth, with an IC50 of approximately 0.1 nM, but was totally ineffective at suppressing U87 cell growth, although U87 itself was quite sensitive to eribulin (IC50 ~ 0.02 nM, ). However, when the two cell lines were treated with BB-1701 in a coculture, there was a significant cytotoxicity at low drug concentrations, with an IC50 of approximately 0.28 nM",,,,NCT04257110;NCT06188559,2,True
DRG0HDUGB,BAT8010,Phase 1/2,,Anti-HER2 antibody,Exatecan,A cleavable linker,ANTI0SFUKH,PAY0LEIGJ,LIN0JKBHU,,BAT8010,Bio-Thera Solutions (Originator),Phase 1/2,7~8,Receptor tyrosine-protein kinase erbB-2 (HER2),DNA topoisomerase 1 (TOP1),Undisclosed,,,,,,,NCT05848466;NCT06376136,2,True
DRG0QQUXG,SMP-656,Phase 1,Unspecific solid tumor,Anti-HER2 antibody,Eribulin,SuperHydraTM linker,ANTI0SFUKH,PAY0JAEKD,LIN0VMUTI,,SMP-656,Xilingyuan Pharmaceutical (Originator),Phase 1,4,Receptor tyrosine-protein kinase erbB-2 (HER2),Microtubule (MT),Random Cysteines,,,,,,,,0,True
DRG0SCLSY,GB251,Phase 1,Breast cancer,Anti-HER2 antibody,Monomethyl auristatin E,BiM-Val-Cit-PABC,ANTI0SFUKH,PAY0FSXOW,LIN0ZNXVG,,GB251; NBT828; GB221-vcMMAE,Genor Biopharma (Originator);NewCon Biotech,Phase 1,4,Receptor tyrosine-protein kinase erbB-2 (HER2),Microtubule (MT),Random Cysteines,,Special approval (NMPA),,,,,,0,True
DRG0UJUZQ,GQ1007,Phase 1 (discontinued),Unspecific solid tumor,Anti-HER2 antibody,TLR7/8 agonist,Stable linker,ANTI0SFUKH,PAY0WYUGU,LIN0YPYME,,GQ1007,GeneQuantum Healthcare (Originator);BrightGene Bio-Medical,Phase 1 (discontinued),,Receptor tyrosine-protein kinase erbB-2 (HER2),Toll-like receptor 7 (TLR7); Toll-like receptor 8 (TLR8),Enzymatic Catalysis,,,,,,,,0,True
DRG0QCCTW,KM501,Phase 1,Gastroesophageal junction adenocarcinoma,Trastuzumab/Pertuzumab biparatopic bsAb,Monomethyl auristatin E,Undisclosed,ANTI0QDMBJ,PAY0FSXOW,,,KM501; KM254; XZP-KM501,Comeon Biopharma (Originator),Phase 1,,Receptor tyrosine-protein kinase erbB-2 (HER2 ECD2); Receptor tyrosine-protein kinase erbB-2 (HER2 ECD4),Microtubule (MT),Undisclosed,,,,,,,NCT05804864,1,True
DRG0UQXWB,BI-CON-02,Phase 1 (discontinued),Breast cancer,Trastuzumab,Undisclosed,Undisclosed,ANI0FIZAK,,,,BI-CON-02; BI CON 02; BICON02,BioIntegrator LLC,Phase 1 (discontinued),,Receptor tyrosine-protein kinase erbB-2 (HER2),,,,,,,,,NCT03062007,1,True
DRG0YZEVV,MT-5111,Phase 1 (discontinued),Unspecific solid tumor,Undisclosed,Shiga toxin B subunit (StxB),Undisclosed,,PAY0EJXWD,,,MT 5111; MT-5111; MT5111,"Molecular Templates, Inc.",Phase 1 (discontinued),,Receptor tyrosine-protein kinase erbB-2 (HER2),Ribosome (RB),,,,,,,,NCT04029922;NCT04757090,2,True
DRG0KDAUC,Trastuzumab imbotolimod,Phase 2 (discontinued),Breast cancer,Trastuzumab,T785,BG based linker,ANI0FIZAK,PAY0LVQIM,LIN0SXPBU,,BDC-1001; trastuzumab imbotolimod,Bolt Biotherapeutics (Originator),Phase 2 (discontinued),,Receptor tyrosine-protein kinase erbB-2 (HER2),Toll-like receptor 7 (TLR7); Toll-like receptor 8 (TLR8),Random Lysines,imbotolimod,,,,,,NCT04278144;NCT05954143,2,True
DRG0TWRCD,BL-M17D1,Phase 1,Oesophageal cancer,Anti-HER2 antibody,WA-00,Undisclosed,ANTI0SFUKH,PAY0BMKRM,,,BL-M17D1,Sichuan Biokin Pharmaceutical (Originator),Phase 1,,Receptor tyrosine-protein kinase erbB-2 (HER2),Microtubule (MT),Undisclosed,,,,,,,NCT06500052;NCT06503783;NCT06714617,3,True
DRG0HVXED,ORM-5029,Phase 1 (discontinued),Breast cancer,Pertuzumab,SMol006,Mc-Val-Cit-PABC,ANI0XJJLY,PAY0ERORN,LIN0SQEDQ,,ORM-5029,Orum Therapeutics (Originator),Phase 1 (discontinued),4,Receptor tyrosine-protein kinase erbB-2 (HER2),CRBN×GSPT1,Random Cysteines,,,,,,,NCT05511844,1,True
DRG0BLUGO,SYS6045,Phase 1/2,Colorectal cancer,Anti-HER2 antibody,TOP1 inhibitor,Undisclosed,ANTI0SFUKH,PAY0TNTMU,,,SYS6045,CSPC Pharmaceutical Group (Originator),Phase 1/2,,Receptor tyrosine-protein kinase erbB-2 (HER2),DNA topoisomerase 1 (TOP1),Undisclosed,,,,,,,NCT07122063,1,True
DRG0GXGXB,GenSci139,Phase 1,Unspecific solid tumor,Anti-EGFR/HER2 bsAb,GSC5181,A cleavable linker,ANTI0JMKNZ,PAY0PFRFC,LIN0JKBHU,,GenSci139,GeneScience Pharmaceuticals (Originator),Phase 1,,Epidermal growth factor receptor (EGFR); Receptor tyrosine-protein kinase erbB-2 (HER2),DNA topoisomerase 1 (TOP1),Undisclosed,,,,,,,NCT07230977,1,True
DRG0JNMAT,SIBP-A17,Phase 1,Gastroesophageal junction adenocarcinoma,Anti-HER2 antibody,DXd,Mc-VASGFG,ANTI0SFUKH,PAY0WSZPJ,LIN0WLSXB,,SIBP-A17,Shanghai Institute of Biological Products (Sinopharm) (Originator),Phase 1,8,Receptor tyrosine-protein kinase erbB-2 (HER2),DNA topoisomerase 1 (TOP1),Random Cysteines,,,,,,,NCT06512116,1,True
DRG0WMIKO,HMPL-A251,Phase 1/2,Unspecific solid tumor,HMA000352,HM5041609,A cleavable linker,ANTI0VGCAO,PAY0VVGDF,LIN0JKBHU,,HMPL-A251,HUTCHMED (Originator),Phase 1/2,4,Receptor tyrosine-protein kinase erbB-2 (HER2),PI3K; PIKK,Undisclosed,,,,,,,NCT07228247,1,True
DRG0JOMGD,NC18,Phase 1,Unspecific solid tumor,Trastuzumab,AF-HEA,PHF polymer linker,ANI0FIZAK,PAY0BNILB,LIN0CZDZW,,NC18,Norling Biotech (Originator),Phase 1,,Receptor tyrosine-protein kinase erbB-2 (HER2),Microtubule (MT),Undisclosed,,,,,,,,0,True
DRG0PZSXJ,Trastuzumab botidotin,Approved in 2025,Breast cancer,Trastuzumab,Duostatin 5,K-lock-Val-Cit-PABC,ANI0FIZAK,PAY0EQOWS,LIN0EBCCY,,trastuzumab botidotin; A166; KL-A166,Levena Biopharma (Originator);Kelun Biotherapeutics,Approved in 2025,2,Receptor tyrosine-protein kinase erbB-2 (HER2),Microtubule (MT),Reactive Lysines,botidotin,,,,,,NCT03602079;NCT05311397;NCT05346328;NCT06968585;NCT07299825,5,True
DRG0SWCOG,ADC2122,Phase 1,Unspecific solid tumor,Pertuzumab,Duostatin 5,Pip-Val-Cit linker,ANI0XJJLY,PAY0EQOWS,LIN0RVQXQ,,ADC2122; ZV203; ZV201; ZV0201; HS640; ZV0203; ADC-2122,Hisun Pharmaceutical (Originator);Zhaohua Biotech;Concortis Biosystems;Accurus Biosciences,Phase 1,2,Receptor tyrosine-protein kinase erbB-2 (HER2),Microtubule (MT),Reactive Lysines,,,,,,,NCT05423977,1,True
DRG0AZUEZ,ZV-0203,Phase 1,,Undisclosed,Undisclosed,Undisclosed,,,,,ZV-0201; ZV0203; ZV 0203; ZV0201; ZV 0201,"Zhejiang Zova Biotherapeutics Inc; Hangzhou Adcoris Biopharmacy Co., Ltd",Phase 1,,Receptor tyrosine-protein kinase erbB-2 (HER2),,,,,,,,,,0,True
DRG0GQCHO,HMBD-802,Phase 1/2,Unspecific solid tumor,Anti-HER2 mAb,Exatecan; ATR inhibitor,A cleavable linker,ANI0YQQFV,PAY0NMOUX,LIN0JKBHU,,HMBD-802; CLIO-8221,Hummingbird Bioscience (Originator);Callio Therapeutics,Phase 1/2,4+4,Receptor tyrosine-protein kinase erbB-2 (HER2),ATR+DNA topoisomerase 1 (TOP1),Undisclosed,,,,,,,NCT07300943,1,True
DRG0GYGUI,FDA022-BB05,Phase 1,,Undisclosed,Undisclosed,Undisclosed,,,,,Anti-HER2 ADC (Shanghai Fudan-Zhangjiang Bio-Pharmaceutical),"Shanghai Fudan Zhangjiang Bio Pharmaceutical Co., Ltd.",Phase 1,,Receptor tyrosine-protein kinase erbB-2 (HER2),,BB05 Platform.,,,,,,,,0,True
DRG0JTQDR,FS-1502,Phase 1,,Undisclosed,Monomethyl auristatin F,Undisclosed,,PAY0QLDVX,,,FS-1502; IKS 014; IKS-014; IKS014; LCB14; Trastuzumab-LC-LBG-MMAF; Herceptin-LC-LBG-MMAF,"Qilu Pharmaceutical Co., Ltd.",Phase 1,,Receptor tyrosine-protein kinase erbB-2 (HER2),Microtubule (MT),Random conjugation through reduced inter-chain cysteines.,,,,,,,,0,True
DRG0LRYYB,HS630,Phase 1,,Undisclosed,Mertansine DM1,Undisclosed,,PAY0JCIBW,,,"Recombinant anti-HER2 human monoclonal antibody-DM1(Zhejiang Hisun Pharmaceutical Co., Ltd.); HS 630; HS-630","Zhejiang Hisun Pharmaceutical Co., Ltd.; Beijing Mabworks Biotech Co., Ltd.",Phase 1,,Receptor tyrosine-protein kinase erbB-2 (HER2),Microtubule (MT),,,,,,,,,0,True
